<?xml version="1.0" encoding="UTF-8"?>
<!DOCTYPE mapper PUBLIC "-//mybatis.org//DTD Config 3.0//EN"    "http://mybatis.org/dtd/mybatis-3-mapper.dtd">

<mapper namespace="com.ssafy.happyhouse.dao.HouseDao">
	<select id="houseList" parameterType="com.ssafy.happyhouse.dto.HouseParamDto" resultType="com.ssafy.happyhouse.dto.HouseDto">
	SELECT d.NO, d.APTNAME, d.CODE gugun_code, d.dong, d.DEALAMOUNT, d.BUILDYEAR, d.DEALYEAR, d.DEALMONTH, d.DEALDAY, d.AREA, d.FLOOR, d.JIBUN, d.TYPE, d.RENTMONEY, i.LAT, i.LNG, i.IMG, 
		(SELECT CASE WHEN EXISTS(
			SELECT 1 FROM USER u, BOOKMARK_HOUSE b WHERE u.USER_SEQ=#{userSeq} AND u.USER_SEQ=b.USER_SEQ AND d.NO=b.DEAL_NO)
          THEN true ELSE false END) BOOKMARKED
		FROM HOUSEDEAL d, HOUSEINFO i
  		WHERE d.APTNAME = i.APTNAME AND d.CODE = i.CODE AND d.DONG = i.DONG
  		ORDER BY d.NO DESC
  		LIMIT #{limit} OFFSET #{offset};
	</select>
	
	<select id="houseListTotalCount" resultType="int">
		SELECT COUNT(*) FROM HOUSEDEAL d, HOUSEINFO i WHERE d.CODE=i.CODE AND d.DONG=i.DONG AND d.APTNAME=i.APTNAME
	</select>
	
	<select id="houseSearchDong" parameterType="com.ssafy.happyhouse.dto.HouseParamDto" resultType="com.ssafy.happyhouse.dto.HouseDto">
		SELECT d.NO, d.APTNAME, d.CODE GUGUN_CODE, d.DONG, d.DEALAMOUNT, d.BUILDYEAR, d.DEALYEAR, d.DEALMONTH, d.DEALDAY, d.AREA, d.FLOOR, d.JIBUN, d.TYPE, d.RENTMONEY, i.LAT, i.LNG, i.IMG,
			  (SELECT CASE WHEN EXISTS(
				  SELECT 1 FROM USER u, BOOKMARK_HOUSE b WHERE u.USER_SEQ=#{userSeq} AND u.USER_SEQ=b.USER_SEQ AND d.NO=b.DEAL_NO)
			  	THEN true ELSE false END) BOOKMARKED
			  FROM HOUSEDEAL d, HOUSEINFO i, (SELECT NAME AS DONG_NAME, GUGUN_CODE FROM DONG_CODE WHERE CODE=#{searchWord}) c
			  WHERE d.APTNAME = i.APTNAME AND d.CODE = i.CODE AND d.DONG = i.DONG AND d.DONG=c.DONG_NAME
			  ORDER BY d.NO DESC
		 	  LIMIT #{limit} OFFSET #{offset};
	</select>
	
	<select id="houseSearchDongTotalCount" parameterType="string" resultType="int">
		SELECT count(*)
			FROM HOUSEDEAL d, HOUSEINFO i, (SELECT NAME AS DONG_NAME, GUGUN_CODE FROM DONG_CODE WHERE CODE=${dongCode}) c
			WHERE d.DONG=i.DONG AND d.CODE=i.CODE AND d.APTNAME=i.APTNAME AND d.DONG=c.DONG_NAME;
	</select>
	
	<select id="houseSearchApt" parameterType="com.ssafy.happyhouse.dto.HouseParamDto" resultType="com.ssafy.happyhouse.dto.HouseDto">
		SELECT d.NO, d.APTNAME, d.CODE gugun_code, d.dong, d.DEALAMOUNT, d.BUILDYEAR, d.DEALYEAR, d.DEALMONTH, d.DEALDAY, d.AREA, d.FLOOR, d.JIBUN, d.TYPE, d.RENTMONEY, i.LAT, i.LNG, i.IMG,
		  (SELECT CASE WHEN EXISTS(
				  SELECT 1 FROM USER u, BOOKMARK_HOUSE b WHERE u.USER_SEQ=#{userSeq} AND u.USER_SEQ=b.USER_SEQ AND d.NO=b.DEAL_NO)
			  THEN true ELSE false END) BOOKMARKED
		  FROM HOUSEDEAL d, HOUSEINFO i
		  WHERE d.APTNAME = i.APTNAME AND d.CODE = i.CODE AND d.DONG = i.DONG AND d.APTNAME like CONCAT('%', #{searchWord}, '%')
		  ORDER BY d.NO DESC
	 	  LIMIT #{limit} OFFSET #{offset}
	</select>
	
	<select id="houseSearchAptTotalCount" parameterType="string" resultType="int">
		SELECT COUNT(*)
		  FROM HOUSEDEAL d
  		  WHERE d.APTNAME like CONCAT('%', #{searchWord}, '%')
	</select>
	
	<select id="sidoList" resultType="map">
		SELECT CODE AS SIDO_CODE, NAME AS SIDO_NAME
		  FROM SIDO_CODE
		  ORDER BY NAME ASC
	</select>
	
	<select id="gugunList" parameterType="string" resultType="map">
		SELECT CODE AS GUGUN_CODE, NAME AS GUGUN_NAME
		  FROM GUGUN_CODE
		  WHERE SIDO_CODE=#{sidoCode}
		  ORDER BY NAME ASC
	</select>
	
	<select id="dongList" parameterType="map" resultType="map">
		SELECT CODE AS DONG_CODE, NAME AS DONG_NAME
		  FROM DONG_CODE
		  WHERE GUGUN_CODE=#{gugunCode}
		  ORDER BY NAME ASC;
	</select>
	
	<insert id="insertBookmark" parameterType="com.ssafy.happyhouse.dto.BookmarkDto">
		INSERT INTO BOOKMARK_HOUSE
		  VALUES(#{userSeq}, #{dealNo})
	</insert>
	
	<delete id="deleteBookmark" parameterType="com.ssafy.happyhouse.dto.BookmarkDto">
		DELETE FROM BOOKMARK_HOUSE
		  WHERE USER_SEQ=#{userSeq} and DEAL_NO=#{dealNo}
	</delete>
	
	<insert id="insertBookmarkArea" parameterType="com.ssafy.happyhouse.dto.BookmarkAreaDto">
		INSERT INTO BOOKMARK_AREA
		  VALUES(#{userSeq}, #{dongCode})
	</insert>
	
	<delete id="deleteBookmarkArea" parameterType="com.ssafy.happyhouse.dto.BookmarkAreaDto">
		DELETE FROM BOOKMARK_AREA
		  WHERE USER_SEQ=#{userSeq} and DONG_CODE=#{dongCode}
	</delete>
	
	<select id="getBookmarkArea" parameterType="com.ssafy.happyhouse.dto.BookmarkAreaDto" resultType="boolean">
		SELECT CASE WHEN EXISTS(
				  SELECT 1 FROM BOOKMARK_AREA b WHERE USER_SEQ=#{userSeq} AND DONG_CODE=#{dongCode})
			  THEN true ELSE false END
	</select>
	
	<select id="bookmarkHouse" parameterType="com.ssafy.happyhouse.dto.HouseParamDto" resultType="com.ssafy.happyhouse.dto.HouseDto">
		SELECT d.NO, d.APTNAME, d.CODE gugun_code, d.dong, d.DEALAMOUNT, d.BUILDYEAR, d.DEALYEAR, d.DEALMONTH, d.DEALDAY, d.AREA, d.FLOOR, d.JIBUN, d.TYPE, d.RENTMONEY, i.LAT, i.LNG, i.IMG, true bookmarked
		  FROM HOUSEDEAL d, HOUSEINFO i, BOOKMARK_HOUSE b 
    	  WHERE d.APTNAME = i.APTNAME AND d.CODE = i.CODE AND d.DONG = i.DONG and d.NO=b.DEAL_NO AND b.USER_SEQ=#{userSeq}
		  ORDER BY d.NO DESC
  		  LIMIT #{limit} OFFSET #{offset}
	</select>
	
	<select id="bookmarkHouseTotalCount" parameterType="int" resultType="int">
		SELECT COUNT(*) FROM BOOKMARK_HOUSE WHERE USER_SEQ=#{userSeq}
	</select>
	
	<select id="bookmarkAreaInit" parameterType="com.ssafy.happyhouse.dto.HouseParamDto" resultType="com.ssafy.happyhouse.dto.HouseDto">
		SELECT d.NO, d.APTNAME, d.CODE gugun_code, d.dong, d.DEALAMOUNT, d.BUILDYEAR, d.DEALYEAR, d.DEALMONTH, d.DEALDAY, d.AREA, d.FLOOR, d.JIBUN, d.TYPE, d.RENTMONEY, i.LAT, i.LNG, i.IMG,
		(SELECT CASE WHEN EXISTS(
				  SELECT 1 FROM USER u, BOOKMARK_HOUSE b WHERE u.USER_SEQ=#{userSeq} AND u.USER_SEQ=b.USER_SEQ AND d.NO=b.DEAL_NO)
			  THEN true ELSE false END) BOOKMARKED		
		  FROM HOUSEDEAL d, HOUSEINFO i, (SELECT NAME DONG_NAME FROM DONG_CODE dong, BOOKMARK_AREA b WHERE dong.CODE=b.DONG_CODE AND b.USER_SEQ=#{userSeq}) dong_name
    	  WHERE d.APTNAME=i.APTNAME AND d.CODE=i.CODE AND d.DONG=i.DONG AND dong_name.DONG_NAME=d.DONG
		  ORDER BY d.NO DESC
  		  LIMIT #{limit} OFFSET #{offset};
	</select>
	
	<select id="bookmarkAreaInitTotalCount" parameterType="int" resultType="int">
		SELECT COUNT(*)
		  FROM HOUSEDEAL d, (SELECT NAME DONG_NAME FROM DONG_CODE dong, BOOKMARK_AREA b WHERE dong.CODE=b.DONG_CODE AND b.USER_SEQ=#{userSeq}) dong_name
		  WHERE d.DONG=dong_name.DONG_NAME;
	</select>
	
	<select id="bookmarkArea" parameterType="com.ssafy.happyhouse.dto.HouseParamDto" resultType="com.ssafy.happyhouse.dto.HouseDto">
		SELECT d.NO, d.APTNAME, d.CODE gugun_code, d.dong, d.DEALAMOUNT, d.BUILDYEAR, d.DEALYEAR, d.DEALMONTH, d.DEALDAY, d.AREA, d.FLOOR, d.JIBUN, d.TYPE, d.RENTMONEY, i.LAT, i.LNG, i.IMG,
		(SELECT CASE WHEN EXISTS(
				  SELECT 1 FROM USER u, BOOKMARK_HOUSE b WHERE u.USER_SEQ=#{userSeq} AND u.USER_SEQ=b.USER_SEQ AND d.NO=b.DEAL_NO)
			  THEN true ELSE false END) BOOKMARKED		
		  FROM HOUSEDEAL d, HOUSEINFO i, (SELECT NAME DONG_NAME FROM DONG_CODE dong, BOOKMARK_AREA b WHERE dong.CODE=b.DONG_CODE AND b.DONG_CODE=#{searchWord} AND b.USER_SEQ=#{userSeq}) dong_name
    	  WHERE d.APTNAME=i.APTNAME AND d.CODE=i.CODE AND d.DONG=i.DONG AND dong_name.DONG_NAME=d.DONG
		  ORDER BY d.NO DESC
  		  LIMIT #{limit} OFFSET #{offset};
	</select>
	
	<select id="bookmarkAreaTotalCount" parameterType="com.ssafy.happyhouse.dto.HouseParamDto" resultType="int">
		SELECT COUNT(*)
		  FROM HOUSEDEAL d, (SELECT NAME DONG_NAME FROM DONG_CODE dong, BOOKMARK_AREA b WHERE dong.CODE=b.DONG_CODE AND b.DONG_CODE=#{searchWord} AND b.USER_SEQ=#{userSeq}) dong_name
		  WHERE d.DONG=dong_name.DONG_NAME;
	</select>
	
	<select id="sidoListBookmarkArea" parameterType="int" resultType="map">
		SELECT DISTINCT CITY_CODE SIDO_CODE, CITY_NAME SIDO_NAME
		  FROM DONG_CODE d, BOOKMARK_AREA b
		  WHERE b.DONG_CODE=d.CODE AND b.USER_SEQ=#{userSeq};
	</select>
	
	<select id="gugunListBookmarkArea" parameterType="map" resultType="map">
		SELECT DISTINCT GUGUN_CODE, GUGUN_NAME
		  FROM DONG_CODE d, BOOKMARK_AREA b
		  WHERE b.DONG_CODE=d.CODE AND d.CITY_CODE=#{sidoCode} AND b.USER_SEQ=#{userSeq};
	</select>
	
	<select id="dongListBookmarkArea" parameterType="map" resultType="map">
		SELECT CODE DONG_CODE, NAME DONG_NAME
		  FROM DONG_CODE d, BOOKMARK_AREA b
		  WHERE b.DONG_CODE=d.CODE AND d.CITY_CODE=#{sidoCode} AND d.GUGUN_CODE=#{gugunCode} AND b.USER_SEQ=#{userSeq};
	</select>
</mapper>