<?xml version="1.0" encoding="UTF-8" ?>
<!DOCTYPE mapper PUBLIC "-//mybatis.org//DTD Mapper 3.0//EN" "http://mybatis.org/dtd/mybatis-3-mapper.dtd"> 

<mapper namespace="com.ssafy.happyhouse.dao.UserDao">

    <insert id="userRegister" parameterType="com.ssafy.happyhouse.dto.UserDto">
        insert into user (user_name, user_password, user_email, user_rank, user_profile_image_url, user_register_date )
        values (#{userName}, #{userPassword}, #{userEmail}, #{userRank}, #{userProfileImageUrl}, now())
    </insert>
    
    <update id="insertUserProfileImage" parameterType="com.ssafy.happyhouse.dto.UserDto"> 
    	update user set
    	user_profile_image_url = #{userProfileImageUrl}
    	where user_email = #{userEmail}
    </update>
    <update id="userEdit" parameterType="com.ssafy.happyhouse.dto.UserDto"  >
		update user set
		user_name = #{userName},
		user_password = #{userPassword},
		
		user_message = #{userMessage}
		where user_email = #{userEmail}
	</update>
	
	<select id="userFindPass"  parameterType="String" resultType="com.ssafy.happyhouse.dto.UserDto">
		select *
		from user 
		where user_email = #{userEmail} and user_name = #{userName}
	</select>
	
	<delete id="userSecession"  parameterType="String">
		delete from user
		where user_email = #{userEmail}
	</delete>
	
	<select id="userInfo" parameterType="String" resultType="com.ssafy.happyhouse.dto.UserDto">
		select user_seq, user_name, user_password, user_email, user_profile_image_url, user_register_date, user_message, user_rank, code_name
		from user, code
		where user_email = #{userEmail} and group_code = '1' and code = user_rank
	</select>
	
	
	
</mapper>